obs_wl_air(nm)	unc_obs_wl	ritz_wl_air(nm)	unc_ritz_wl	intens	Aki(s^-1)	fik	log_gf	Acc	Ei(cm-1)	Ek(cm-1)	conf_i	term_i	J_i	conf_k	term_k	J_k	Type	tp_ref	line_ref	
"330.2369"	"0.0005"	"330.23686"	"0.00022"	"19"	"2.75e+06"	"9.00e-03"	"-1.745"	A	"0.00000"	"30272.58"	"2p6.3s"	"2S"	"1/2"	"2p6.4p"	"2P*"	"3/2"		"c30,T76n"	"L6096"	
"330.2979"	"0.0005"	"330.29785"	"0.00022"	"18"	"2.73e+06"	"4.46e-03"	"-2.050"	B+	"0.00000"	"30266.99"	"2p6.3s"	"2S"	"1/2"	"2p6.4p"	"2P*"	"1/2"		"c30,T76n"	"L6096"	
"341.62"	"0.02"	"341.607"	"0.011"	""	"1.5e+07"	"2.6e-02"	"-0.98"	D	"263745.3"	"293010.3"	"2p5.(2P*).3s.3p.(3P*)"	"4S"	"3/2"	"2p5.3s.(3P*).3d"	"4D*"	"3/2"		"T5209"	"L6269"	
"342.73"	"0.02"	"342.736"	"0.011"	"9"	"2.8e+07"	"7.4e-02"	"-0.53"	D	"263745.3"	"292913.9"	"2p5.(2P*).3s.3p.(3P*)"	"4S"	"3/2"	"2p5.3s.(3P*).3d"	"4F*"	"5/2"		"T5209"	"L6269"	
"348.90"	"0.02"	"348.890"	"0.009"	"130"	"4.2e+07"	"1.2e-01"	"-0.32"	D	"263745.3"	"292399.4"	"2p5.(2P*).3s.3p.(3P*)"	"4S"	"3/2"	"2p5.3s.(3P*).3d"	"4D*"	"5/2"		"T5209"	"L6269"	
"350.25"	"0.02"	"350.237"	"0.010"	"160"	"8.8e+07"	"1.6e-01"	"-0.19"	D	"263745.3"	"292289.2"	"2p5.(2P*).3s.3p.(3P*)"	"4S"	"3/2"	"2p5.3s.(3P*).3d"	"4P*"	"3/2"		"T5209"	"L6269"	
"351.10"	"0.02"	"351.093"	"0.010"	"130"	"1.15e+08"	"1.06e-01"	"-0.373"	D	"263745.3"	"292219.6"	"2p5.(2P*).3s.3p.(3P*)"	"4S"	"3/2"	"2p5.3s.(3P*).3d"	"4P*"	"1/2"		"T5209"	"L6269"	
"384.80"	"0.02"	"384.802"	"0.013"	"5"	"2.8e+07"	"6.2e-02"	"-0.43"	D	"266933.9"	"292913.9"	"2p5.(2P*).3s.3p.(3P*)"	"4D"	"5/2"	"2p5.3s.(3P*).3d"	"4F*"	"5/2"		"T5209"	"L6269"	
"386.55"	"0.02"	"386.543"	"0.013"	"130"	"5.8e+07"	"1.3e-01"	"0.02"	D	"266586.7"	"292449.7"	"2p5.(2P*).3s.3p.(3P*)"	"4D"	"7/2"	"2p5.3s.(3P*).3d"	"4F*"	"7/2"		"T5209"	"L6269"	
"387.29"	"0.02"	"387.296"	"0.011"	"19"	"1.2e+07"	"2.0e-02"	"-0.80"	D	"266586.7"	"292399.4"	"2p5.(2P*).3s.3p.(3P*)"	"4D"	"7/2"	"2p5.3s.(3P*).3d"	"4D*"	"5/2"		"T5209"	"L6269"	
"388.18"	"0.02"	"388.181"	"0.020"	"420"	"1.63e+08"	"4.61e-01"	"0.567"	D	"266586.7"	"292340.6"	"2p5.(2P*).3s.3p.(3P*)"	"4D"	"7/2"	"2p5.3s.(3P*).3d"	"4F*"	"9/2"		"T5209"	"L6269"	
""	""	"388.39033"	"0.00005"	""	"6.95e-04"	"1.57e-12"	"-11.50"	C	"0.00000"	"25739.999"	"2p6.3s"	"2S"	"1/2"	"2p6.4s"	"2S"	"1/2"	M1	"c27"	""	
"388.57"	"0.02"	"388.571"	"0.011"	"36"	"6.2e+07"	"1.4e-01"	"-0.25"	D	"267282.3"	"293010.3"	"2p5.(2P*).3s.3p.(3P*)"	"4D"	"3/2"	"2p5.3s.(3P*).3d"	"4D*"	"3/2"		"T5209"	"L6269"	
"390.04"	"0.02"	"390.033"	"0.014"	"15"	"7.7e+07"	"2.6e-01"	"0.02"	D	"267282.3"	"292913.9"	"2p5.(2P*).3s.3p.(3P*)"	"4D"	"3/2"	"2p5.3s.(3P*).3d"	"4F*"	"5/2"		"T5209"	"L6269"	
"391.79"	"0.02"	"391.803"	"0.012"	"160"	"6.6e+07"	"2.0e-01"	"0.08"	D	"266933.9"	"292449.7"	"2p5.(2P*).3s.3p.(3P*)"	"4D"	"5/2"	"2p5.3s.(3P*).3d"	"4F*"	"7/2"		"T5209"	"L6269"	
"392.56"	"0.02"	"392.577"	"0.009"	"85"	"4.5e+07"	"1.0e-01"	"-0.22"	D	"266933.9"	"292399.4"	"2p5.(2P*).3s.3p.(3P*)"	"4D"	"5/2"	"2p5.3s.(3P*).3d"	"4D*"	"5/2"		"T5209"	"L6269"	
"393.06"	"0.02"	"393.059"	"0.014"	"15"	"2.5e+07"	"1.2e-01"	"-0.62"	D	"267576.0"	"293010.3"	"2p5.(2P*).3s.3p.(3P*)"	"4D"	"1/2"	"2p5.3s.(3P*).3d"	"4D*"	"3/2"		"T5209"	"L6269"	
"394.26"	"0.02"	"394.283"	"0.009"	"32"	"2.1e+07"	"3.3e-02"	"-0.70"	D	"266933.9"	"292289.2"	"2p5.(2P*).3s.3p.(3P*)"	"4D"	"5/2"	"2p5.3s.(3P*).3d"	"4P*"	"3/2"		"T5209"	"L6269"	
"398.03"	"0.02"	"398.023"	"0.010"	"14"	"5.e+06"	"2.e-02"	"-1"	D	"267282.3"	"292399.4"	"2p5.(2P*).3s.3p.(3P*)"	"4D"	"3/2"	"2p5.3s.(3P*).3d"	"4D*"	"5/2"		"T5209"	"L6269"	
"399.77"	"0.02"	"399.777"	"0.011"	"14"	"8.e+06"	"2.e-02"	"-1"	D	"267282.3"	"292289.2"	"2p5.(2P*).3s.3p.(3P*)"	"4D"	"3/2"	"2p5.3s.(3P*).3d"	"4P*"	"3/2"		"T5209"	"L6269"	
"400.88"	"0.02"	"400.892"	"0.011"	"27"	"1.5e+07"	"1.8e-02"	"-1.1"	D	"267282.3"	"292219.6"	"2p5.(2P*).3s.3p.(3P*)"	"4D"	"3/2"	"2p5.3s.(3P*).3d"	"4P*"	"1/2"		"T5209"	"L6269"	
"413.082"	"0.002"	"413.08376"	"0.00003"	""	"8.62e+03"	"2.21e-05"	"-4.05"	B	"16973.36619"	"[41174.705]"	"2p6.3p"	"2P*"	"3/2"	"2p6.20d"	"2D"	"3/2"		"T7799"	"L9493"	
"413.082"	"0.002"	"413.08376"	"0.00003"	""	"5.17e+04"	"1.99e-04"	"-3.10"	B	"16973.36619"	"[41174.705]"	"2p6.3p"	"2P*"	"3/2"	"2p6.20d"	"2D"	"5/2"		"T7799"	"L9493"	
"413.584"	"0.002"	"413.59142"	"0.00003"	""	"1.01e+04"	"2.59e-05"	"-3.98"	B	"16973.36619"	"[41145.000]"	"2p6.3p"	"2P*"	"3/2"	"2p6.19d"	"2D"	"3/2"		"T7799"	"L9493"	
"413.584"	"0.002"	"413.59143"	"0.00003"	""	"6.06e+04"	"2.33e-04"	"-3.03"	B	"16973.36619"	"[41144.999]"	"2p6.3p"	"2P*"	"3/2"	"2p6.19d"	"2D"	"5/2"		"T7799"	"L9493"	
"413.774"	"0.002"	"413.77933"	"0.00003"	""	"3.40e+04"	"4.37e-05"	"-3.76"	B	"16973.36619"	"[41134.023]"	"2p6.3p"	"2P*"	"3/2"	"2p6.20s"	"2S"	"1/2"		"T7799"	"L9493"	
"414.184"	"0.002"	"414.18770"	"0.00003"	""	"1.12e+04"	"2.88e-05"	"-3.94"	B	"16973.36619"	"[41110.202]"	"2p6.3p"	"2P*"	"3/2"	"2p6.18d"	"2D"	"3/2"		"T7799"	"L9493"	
"414.184"	"0.002"	"414.18770"	"0.00003"	""	"6.72e+04"	"2.59e-04"	"-2.98"	B	"16973.36619"	"[41110.202]"	"2p6.3p"	"2P*"	"3/2"	"2p6.18d"	"2D"	"5/2"		"T7799"	"L9493"	
"414.403"	"0.002"	"414.40972"	"0.00003"	""	"4.01e+04"	"5.17e-05"	"-3.68"	B	"16973.36619"	"[41097.271]"	"2p6.3p"	"2P*"	"3/2"	"2p6.19s"	"2S"	"1/2"		"T7799"	"L9493"	
"414.893"	"0.002"	"414.89457"	"0.00003"	""	"1.42e+04"	"3.67e-05"	"-3.83"	B	"16973.36619"	"[41069.080]"	"2p6.3p"	"2P*"	"3/2"	"2p6.17d"	"2D"	"3/2"		"T7799"	"L9493"	
"414.893"	"0.002"	"414.89459"	"0.00003"	""	"8.52e+04"	"3.30e-04"	"-2.88"	B	"16973.36619"	"[41069.079]"	"2p6.3p"	"2P*"	"3/2"	"2p6.17d"	"2D"	"5/2"		"T7799"	"L9493"	
"415.175"	"0.002"	"415.15955"	"0.00003"	""	"4.78e+04"	"6.18e-05"	"-3.61"	B	"16973.36619"	"[41053.701]"	"2p6.3p"	"2P*"	"3/2"	"2p6.18s"	"2S"	"1/2"		"T7799"	"L9493"	
"415.740"	"0.002"	"415.74139"	"0.00003"	""	"1.71e+04"	"4.43e-05"	"-3.75"	B	"16973.36619"	"[41020.001]"	"2p6.3p"	"2P*"	"3/2"	"2p6.16d"	"2D"	"3/2"		"T7799"	"L9493"	
"415.740"	"0.002"	"415.74140"	"0.00003"	""	"1.03e+05"	"4.01e-04"	"-2.79"	B	"16973.36619"	"[41020.000]"	"2p6.3p"	"2P*"	"3/2"	"2p6.16d"	"2D"	"5/2"		"T7799"	"L9493"	
"416.057"	"0.002"	"416.06124"	"0.00003"	""	"5.76e+04"	"7.48e-05"	"-3.52"	B	"16973.36619"	"[41001.515]"	"2p6.3p"	"2P*"	"3/2"	"2p6.17s"	"2S"	"1/2"		"T7799"	"L9493"	
"416.767"	"0.002"	"416.76796"	"0.00003"	""	"2.09e+04"	"5.45e-05"	"-3.66"	B	"16973.36619"	"[40960.771]"	"2p6.3p"	"2P*"	"3/2"	"2p6.15d"	"2D"	"3/2"		"T7799"	"L9493"	
"416.767"	"0.002"	"416.76796"	"0.00003"	""	"1.25e+05"	"4.89e-04"	"-2.71"	B	"16973.36619"	"[40960.771]"	"2p6.3p"	"2P*"	"3/2"	"2p6.15d"	"2D"	"5/2"		"T7799"	"L9493"	
"417.156"	"0.002"	"417.15909"	"0.00003"	""	"7.03e+04"	"9.18e-05"	"-3.44"	B	"16973.36619"	"[40938.281]"	"2p6.3p"	"2P*"	"3/2"	"2p6.16s"	"2S"	"1/2"		"T7799"	"L9493"	
"417.67"	"0.02"	"417.667"	"0.014"	"82"	"3.5e+07"	"1.2e-01"	"-0.14"	D	"268513.9"	"292449.7"	"2p5.(2P*).3s.3p.(3P*)"	"4P"	"5/2"	"2p5.3s.(3P*).3d"	"4F*"	"7/2"		"T5209"	"L6269"	
"418.022"	"0.002"	"418.02943"	"0.00003"	""	"2.58e+04"	"6.76e-05"	"-3.57"	B	"16973.36619"	"[40888.387]"	"2p6.3p"	"2P*"	"3/2"	"2p6.14d"	"2D"	"3/2"		"T7799"	"L9493"	
"418.022"	"0.002"	"418.02944"	"0.00003"	""	"1.55e+05"	"6.09e-04"	"-2.61"	B	"16973.36619"	"[40888.386]"	"2p6.3p"	"2P*"	"3/2"	"2p6.14d"	"2D"	"5/2"		"T7799"	"L9493"	
"418.509"	"0.002"	"418.51487"	"0.00004"	""	"8.70e+04"	"1.14e-04"	"-3.34"	B	"16973.36619"	"[40860.648]"	"2p6.3p"	"2P*"	"3/2"	"2p6.15s"	"2S"	"1/2"		"T7799"	"L9493"	
"418.55"	"0.02"	"418.546"	"0.011"	"150"	"4.9e+07"	"1.3e-01"	"-0.11"	D	"268513.9"	"292399.4"	"2p5.(2P*).3s.3p.(3P*)"	"4P"	"5/2"	"2p5.3s.(3P*).3d"	"4D*"	"5/2"		"T5209"	"L6269"	
"419.598"	"0.002"	"419.60405"	"0.00004"	""	"3.27e+04"	"8.64e-05"	"-3.46"	B	"16973.36619"	"[40798.644]"	"2p6.3p"	"2P*"	"3/2"	"2p6.13d"	"2D"	"3/2"		"T7799"	"L9493"	
"419.598"	"0.002"	"419.60409"	"0.00004"	""	"1.96e+05"	"7.76e-04"	"-2.51"	B	"16973.36619"	"[40798.642]"	"2p6.3p"	"2P*"	"3/2"	"2p6.13d"	"2D"	"5/2"		"T7799"	"L9493"	
"420.216"	"0.002"	"420.21714"	"0.00004"	""	"1.09e+05"	"1.44e-04"	"-3.24"	B	"16973.36619"	"[40763.884]"	"2p6.3p"	"2P*"	"3/2"	"2p6.14s"	"2S"	"1/2"		"T7799"	"L9493"	
"420.49"	"0.02"	"420.486"	"0.012"	"46"	"2.5e+07"	"4.4e-02"	"-0.58"	D	"268513.9"	"292289.2"	"2p5.(2P*).3s.3p.(3P*)"	"4P"	"5/2"	"2p5.3s.(3P*).3d"	"4P*"	"3/2"		"T5209"	"L6269"	
"421.613"	"0.002"	"421.60610"	"0.00004"	""	"4.20e+04"	"1.12e-04"	"-3.35"	B	"16973.36619"	"[40685.509]"	"2p6.3p"	"2P*"	"3/2"	"2p6.12d"	"2D"	"3/2"		"T7799"	"L9493"	
"421.613"	"0.002"	"421.60610"	"0.00004"	""	"2.52e+05"	"1.01e-03"	"-2.39"	B	"16973.36619"	"[40685.509]"	"2p6.3p"	"2P*"	"3/2"	"2p6.12d"	"2D"	"5/2"		"T7799"	"L9493"	
"422.381"	"0.002"	"422.39634"	"0.00004"	""	"1.40e+05"	"1.87e-04"	"-3.13"	B	"16973.36619"	"[40641.148]"	"2p6.3p"	"2P*"	"3/2"	"2p6.13s"	"2S"	"1/2"		"T7799"	"L9493"	
"424.2082"	"0.0008"	"424.20759"	"0.00004"	"3*"	"5.54e+04"	"1.50e-04"	"-3.22"	B	"16973.36619"	"[40540.095]"	"2p6.3p"	"2P*"	"3/2"	"2p6.11d"	"2D"	"3/2"		"T7799"	"L6096"	
"424.2082"	"0.0008"	"424.20763"	"0.00004"	"3*"	"3.32e+05"	"1.34e-03"	"-2.27"	B	"16973.36619"	"[40540.093]"	"2p6.3p"	"2P*"	"3/2"	"2p6.11d"	"2D"	"5/2"		"T7799"	"L6096"	
"425.2520"	"0.0008"	"425.25165"	"0.00004"	"2"	"1.84e+05"	"2.50e-04"	"-3.00"	B	"16973.36619"	"40482.236"	"2p6.3p"	"2P*"	"3/2"	"2p6.12s"	"2S"	"1/2"		"T7799"	"L6096"	
"425.38"	"0.02"	"425.376"	"0.013"	"17"	"5.e+06"	"2.e-02"	"-1"	D	"268897.4"	"292399.4"	"2p5.(2P*).3s.3p.(3P*)"	"4P"	"3/2"	"2p5.3s.(3P*).3d"	"4D*"	"5/2"		"T5209"	"L6269"	
"427.3642"	"0.0008"	"427.36265"	"0.00004"	"4"	"3.91e+05"	"2.14e-03"	"-2.368"	C	"16956.17025"	"40348.918"	"2p6.3p"	"2P*"	"1/2"	"2p6.10d"	"2D"	"3/2"		"c58,LS"	"L6096"	
"427.39"	"0.02"	"427.380"	"0.013"	"23"	"1.6e+07"	"4.4e-02"	"-0.75"	D	"268897.4"	"292289.2"	"2p5.(2P*).3s.3p.(3P*)"	"4P"	"3/2"	"2p5.3s.(3P*).3d"	"4P*"	"3/2"		"T5209"	"L6269"	
"427.6787"	"0.0008"	"427.67704"	"0.00004"	"5*"	"7.8e+04"	"2.1e-04"	"-3.07"	C	"16973.36619"	"40348.918"	"2p6.3p"	"2P*"	"3/2"	"2p6.10d"	"2D"	"3/2"		"c58,LS"	"L6096"	
"427.6787"	"0.0008"	"427.67709"	"0.00004"	"5*"	"4.69e+05"	"1.93e-03"	"-2.112"	C	"16973.36619"	"40348.915"	"2p6.3p"	"2P*"	"3/2"	"2p6.10d"	"2D"	"5/2"		"c58,LS"	"L6096"	
"428.67"	"0.02"	"428.655"	"0.013"	"46"	"2.8e+07"	"3.9e-02"	"-0.81"	D	"268897.4"	"292219.6"	"2p5.(2P*).3s.3p.(3P*)"	"4P"	"3/2"	"2p5.3s.(3P*).3d"	"4P*"	"1/2"		"T5209"	"L6269"	
"429.1006"	"0.0008"	"429.10012"	"0.00004"	"3"	"2.47e+05"	"3.41e-04"	"-2.87"	B	"16973.36619"	"40271.396"	"2p6.3p"	"2P*"	"3/2"	"2p6.11s"	"2S"	"1/2"		"T7799"	"L6096"	
"432.4615"	"0.0008"	"432.4615"	"0.0004"	"7*"	"1.14e+05"	"3.20e-04"	"-2.89"	B	"16973.36619"	"40090.31"	"2p6.3p"	"2P*"	"3/2"	"2p6.9d"	"2D"	"3/2"		"T7799"	"L6096"	
"432.4615"	"0.0008"	"432.4615"	"0.0004"	"7*"	"6.84e+05"	"2.88e-03"	"-1.94"	B	"16973.36619"	"40090.31"	"2p6.3p"	"2P*"	"3/2"	"2p6.9d"	"2D"	"5/2"		"T7799"	"L6096"	
"434.1489"	"0.0008"	"434.1489"	"0.0004"	"4"	"3.26e+05"	"9.22e-04"	"-2.734"	C+	"16956.17025"	"39983.27"	"2p6.3p"	"2P*"	"1/2"	"2p6.10s"	"2S"	"1/2"		"c30"	"L6096"	
"434.4736"	"0.0008"	"434.4733"	"0.0004"	"5"	"6.50e+05"	"9.20e-04"	"-2.434"	C+	"16973.36619"	"39983.27"	"2p6.3p"	"2P*"	"3/2"	"2p6.10s"	"2S"	"1/2"		"c30"	"L6096"	
"439.0029"	"0.0008"	"439.0022"	"0.0004"	"8"	"9.83e+05"	"5.69e-03"	"-1.944"	B+	"16956.17025"	"39728.70"	"2p6.3p"	"2P*"	"1/2"	"2p6.8d"	"2D"	"3/2"		"c30"	"L6096"	
"439.3340"	"0.0008"	"439.3340"	"0.0004"	"9*"	"1.17e+06"	"5.09e-03"	"-1.691"	B+	"16973.36619"	"39728.70"	"2p6.3p"	"2P*"	"3/2"	"2p6.8d"	"2D"	"5/2"		"c30"	"L6096"	
"439.3340"	"0.0008"	"439.3340"	"0.0004"	"9*"	"1.95e+05"	"5.66e-04"	"-2.645"	B	"16973.36619"	"39728.70"	"2p6.3p"	"2P*"	"3/2"	"2p6.8d"	"2D"	"3/2"		"c30"	"L6096"	
"441.9885"	"0.0008"	"441.9883"	"0.0004"	"6"	"2.82e+05"	"8.25e-04"	"-2.783"	C+	"16956.17025"	"39574.85"	"2p6.3p"	"2P*"	"1/2"	"2p6.9s"	"2S"	"1/2"		"c30"	"L6096"	
"442.3246"	"0.0008"	"442.3246"	"0.0004"	"7"	"5.61e+05"	"8.24e-04"	"-2.482"	C+	"16973.36619"	"39574.85"	"2p6.3p"	"2P*"	"3/2"	"2p6.9s"	"2S"	"1/2"		"c30"	"L6096"	
"443.23"	"0.02"	"443.234"	"0.014"	"310"	"1.4e+07"	"6.2e-02"	"-0.61"	D	"263745.3"	"286300.4"	"2p5.(2P*).3s.3p.(3P*)"	"4S"	"3/2"	"2p5.3s.(3P*).4s"	"4P*"	"5/2"		"T5209"	"L6269"	
"449.4177"	"0.0009"	"449.4180"	"0.0004"	"10"	"1.23e+06"	"7.44e-03"	"-1.827"	B+	"16956.17025"	"39200.93"	"2p6.3p"	"2P*"	"1/2"	"2p6.7d"	"2D"	"3/2"		"c30"	"L6096"	
"449.7658"	"0.0009"	"449.7657"	"0.0004"	"11*"	"1.46e+06"	"6.67e-03"	"-1.574"	B+	"16973.36619"	"39200.93"	"2p6.3p"	"2P*"	"3/2"	"2p6.7d"	"2D"	"5/2"		"c30"	"L6096"	
"449.7658"	"0.0009"	"449.7657"	"0.0004"	"11*"	"2.44e+05"	"7.41e-04"	"-2.528"	B	"16973.36619"	"39200.93"	"2p6.3p"	"2P*"	"3/2"	"2p6.7d"	"2D"	"3/2"		"c30"	"L6096"	
"454.1633"	"0.0009"	"454.1633"	"0.0004"	"7"	"3.76e+05"	"1.16e-03"	"-2.635"	B	"16956.17025"	"38968.51"	"2p6.3p"	"2P*"	"1/2"	"2p6.8s"	"2S"	"1/2"		"c30"	"L6096"	
"454.5186"	"0.0009"	"454.5184"	"0.0004"	"8"	"7.50e+05"	"1.16e-03"	"-2.333"	B	"16973.36619"	"38968.51"	"2p6.3p"	"2P*"	"3/2"	"2p6.8s"	"2S"	"1/2"		"c30"	"L6096"	
"466.48107"	"0.00005"	"466.48107"	"0.00004"	"1"	"2.08e+06"	"1.36e-02"	"-1.565"	B+	"16956.17025"	"38387.268"	"2p6.3p"	"2P*"	"1/2"	"2p6.6d"	"2D"	"3/2"		"c30"	"L15039"	
"466.85595"	"0.00005"	"466.85567"	"0.00004"	"2*"	"4.14e+05"	"1.36e-03"	"-2.264"	B+	"16973.36619"	"38387.268"	"2p6.3p"	"2P*"	"3/2"	"2p6.6d"	"2D"	"3/2"		"c30"	"L15039"	
"466.85595"	"0.00005"	"466.85595"	"0.00004"	"2*"	"2.49e+06"	"1.22e-02"	"-1.312"	A	"16973.36619"	"38387.255"	"2p6.3p"	"2P*"	"3/2"	"2p6.6d"	"2D"	"5/2"		"c30"	"L15039"	
"474.79410"	"0.00005"	"474.79412"	"0.00005"	"1"	"6.19e+05"	"2.09e-03"	"-2.379"	B	"16956.17025"	"38012.042"	"2p6.3p"	"2P*"	"1/2"	"2p6.7s"	"2S"	"1/2"		"c30"	"L15039"	
"475.18218"	"0.00005"	"475.18219"	"0.00005"	"2"	"1.23e+06"	"2.09e-03"	"-2.078"	B	"16973.36619"	"38012.042"	"2p6.3p"	"2P*"	"3/2"	"2p6.7s"	"2S"	"1/2"		"c30"	"L15039"	
"497.85414"	"0.00005"	"497.85414"	"0.00005"	"1"	"4.09e+06"	"3.04e-02"	"-1.216"	A	"16956.17025"	"37036.772"	"2p6.3p"	"2P*"	"1/2"	"2p6.5d"	"2D"	"3/2"		"c30"	"L15039"	
""	""	"498.28084"	"0.00005"	""	"8.15e+05"	"3.03e-03"	"-1.916"	A	"16973.36619"	"37036.772"	"2p6.3p"	"2P*"	"3/2"	"2p6.5d"	"2D"	"3/2"		"c30"	""	
"498.28134"	"0.00005"	"498.28134"	"0.00005"	"2"	"4.88e+06"	"2.73e-02"	"-0.962"	A	"16973.36619"	"37036.752"	"2p6.3p"	"2P*"	"3/2"	"2p6.5d"	"2D"	"5/2"		"c30"	"L15039"	
"507.12"	"0.02"	"507.120"	"0.015"	"270"	"4.1e+07"	"1.2e-01"	"-0.02"	D	"266586.7"	"286300.4"	"2p5.(2P*).3s.3p.(3P*)"	"4D"	"7/2"	"2p5.3s.(3P*).4s"	"4P*"	"5/2"		"T5209"	"L6269"	
"514.88381"	"0.00005"	"514.88383"	"0.00005"	"1"	"1.14e+06"	"4.52e-03"	"-2.044"	B+	"16956.17025"	"36372.618"	"2p6.3p"	"2P*"	"1/2"	"2p6.6s"	"2S"	"1/2"		"c30"	"L15039"	
"515.34024"	"0.00005"	"515.34024"	"0.00005"	"2"	"2.27e+06"	"4.52e-03"	"-1.743"	B+	"16973.36619"	"36372.618"	"2p6.3p"	"2P*"	"3/2"	"2p6.6s"	"2S"	"1/2"		"c30"	"L15039"	
"516.25"	"0.02"	"516.212"	"0.013"	"83"	"1.5e+07"	"6.0e-02"	"-0.44"	D	"266933.9"	"286300.4"	"2p5.(2P*).3s.3p.(3P*)"	"4D"	"5/2"	"2p5.3s.(3P*).4s"	"4P*"	"5/2"		"T5209"	"L6269"	
"525.64"	"0.02"	"525.669"	"0.014"	"7"	"2.e+06"	"1.e-02"	"-1"	D	"267282.3"	"286300.4"	"2p5.(2P*).3s.3p.(3P*)"	"4D"	"3/2"	"2p5.3s.(3P*).4s"	"4P*"	"5/2"		"T5209"	"L6269"	
"562.10"	"0.02"	"562.068"	"0.016"	"42"	"1.4e+07"	"6.6e-02"	"-0.40"	D	"268513.9"	"286300.4"	"2p5.(2P*).3s.3p.(3P*)"	"4P"	"5/2"	"2p5.3s.(3P*).4s"	"4P*"	"5/2"		"T5209"	"L6269"	
"568.26333"	"0.00005"	"568.26333"	"0.00006"	"5"	"1.01e+07"	"9.83e-02"	"-0.706"	A	"16956.17025"	"34548.764"	"2p6.3p"	"2P*"	"1/2"	"2p6.4d"	"2D"	"3/2"		"c30"	"L15039"	
"568.81934"	"0.00005"	"568.81933"	"0.00006"	"1"	"2.02e+06"	"9.82e-03"	"-1.406"	A	"16973.36619"	"34548.764"	"2p6.3p"	"2P*"	"3/2"	"2p6.4d"	"2D"	"3/2"		"c30"	"L15039"	
"568.82046"	"0.00005"	"568.82047"	"0.00006"	"9"	"1.21e+07"	"8.83e-02"	"-0.452"	A	"16973.36619"	"34548.729"	"2p6.3p"	"2P*"	"3/2"	"2p6.4d"	"2D"	"5/2"		"c30"	"L15039"	
"574.42"	"0.02"	"574.454"	"0.017"	"12"	"4.e+06"	"3.e-02"	"-0.9"	D	"268897.4"	"286300.4"	"2p5.(2P*).3s.3p.(3P*)"	"4P"	"3/2"	"2p5.3s.(3P*).4s"	"4P*"	"5/2"		"T5209"	"L6269"	
"588.995095"	"0.000003"	"588.995094"	"0.000003"	"80000"	"6.16e+07"	"6.41e-01"	"0.108"	AA	"0.00000"	"16973.36619"	"2p6.3s"	"2S"	"1/2"	"2p6.3p"	"2P*"	"3/2"		"T6617,T6568,T6567"	"L5918"	
"589.592424"	"0.000003"	"589.592424"	"0.000003"	"40000"	"6.14e+07"	"3.20e-01"	"-0.194"	AA	"0.00000"	"16956.17025"	"2p6.3s"	"2S"	"1/2"	"2p6.3p"	"2P*"	"1/2"		"T6617,T6567"	"L5918"	
"615.42253"	"0.00005"	"615.42255"	"0.00008"	"1"	"2.50e+06"	"1.42e-02"	"-1.547"	A	"16956.17025"	"33200.673"	"2p6.3p"	"2P*"	"1/2"	"2p6.5s"	"2S"	"1/2"		"c30"	"L15039"	
"616.07470"	"0.00005"	"616.07471"	"0.00008"	"2"	"4.98e+06"	"1.42e-02"	"-1.246"	A	"16973.36619"	"33200.673"	"2p6.3p"	"2P*"	"3/2"	"2p6.5s"	"2S"	"1/2"		"c30"	"L15039"	
""	""	"663.19524"	"0.00016"	""	"6.3e+03"	"8.3e-05"	"-3.78"	C'	"25739.999"	"[40814.352]"	"2p6.4s"	"2S"	"1/2"	"2p6.14p"	"2P*"	"3/2"		"T817"	""	
""	""	"663.19872"	"0.00016"	""	"6.3e+03"	"4.2e-05"	"-4.08"	C'	"25739.999"	"[40814.273]"	"2p6.4s"	"2S"	"1/2"	"2p6.14p"	"2P*"	"1/2"		"T817"	""	
""	""	"668.02155"	"0.00016"	""	"8.5e+03"	"1.1e-04"	"-3.64"	C'	"25739.999"	"[40705.444]"	"2p6.4s"	"2S"	"1/2"	"2p6.13p"	"2P*"	"3/2"		"T817"	""	
""	""	"668.02601"	"0.00016"	""	"8.5e+03"	"5.7e-05"	"-3.94"	C'	"25739.999"	"[40705.344]"	"2p6.4s"	"2S"	"1/2"	"2p6.13p"	"2P*"	"1/2"		"T817"	""	
""	""	"674.30854"	"0.00016"	""	"1.11e+04"	"1.51e-04"	"-3.519"	C'	"25739.999"	"[40565.913]"	"2p6.4s"	"2S"	"1/2"	"2p6.12p"	"2P*"	"3/2"		"T817"	""	
""	""	"674.31445"	"0.00016"	""	"1.11e+04"	"7.57e-05"	"-3.820"	C'	"25739.999"	"[40565.783]"	"2p6.4s"	"2S"	"1/2"	"2p6.12p"	"2P*"	"1/2"		"T817"	""	
""	""	"682.72719"	"0.00017"	""	"1.53e+04"	"2.14e-04"	"-3.369"	C'	"25739.999"	"40383.097"	"2p6.4s"	"2S"	"1/2"	"2p6.11p"	"2P*"	"3/2"		"T817"	""	
""	""	"682.73521"	"0.00017"	""	"1.53e+04"	"1.07e-04"	"-3.670"	C'	"25739.999"	"40382.925"	"2p6.4s"	"2S"	"1/2"	"2p6.11p"	"2P*"	"1/2"		"T817"	""	
""	""	"694.39549"	"0.00017"	""	"2.23e+04"	"3.23e-04"	"-3.190"	C'	"25739.999"	"40137.043"	"2p6.4s"	"2S"	"1/2"	"2p6.10p"	"2P*"	"3/2"		"T817"	""	
""	""	"694.40672"	"0.00017"	""	"2.23e+04"	"1.61e-04"	"-3.491"	C'	"25739.999"	"40136.810"	"2p6.4s"	"2S"	"1/2"	"2p6.10p"	"2P*"	"1/2"		"T817"	""	
""	""	"711.30404"	"0.00018"	""	"4.43e+04"	"6.72e-04"	"-2.872"	C+	"25739.999"	"[39794.810]"	"2p6.4s"	"2S"	"1/2"	"2p6.9p"	"2P*"	"3/2"		"c30"	""	
""	""	"711.32080"	"0.00018"	""	"4.32e+04"	"3.28e-04"	"-3.183"	C+	"25739.999"	"[39794.479]"	"2p6.4s"	"2S"	"1/2"	"2p6.9p"	"2P*"	"1/2"		"c30"	""	
"737.323"	"0.002"	"737.3231"	"0.0011"	"2"	"5.42e+04"	"8.83e-04"	"-2.753"	B	"25739.999"	"39298.84"	"2p6.4s"	"2S"	"1/2"	"2p6.8p"	"2P*"	"3/2"		"c30"	"L6096"	
"737.349"	"0.002"	"737.3497"	"0.0011"	"1"	"5.30e+04"	"4.32e-04"	"-3.063"	B	"25739.999"	"39298.35"	"2p6.4s"	"2S"	"1/2"	"2p6.8p"	"2P*"	"1/2"		"c30"	"L6096"	
""	""	"750.7464"	"0.0011"	""	"8.93e+00"	"1.51e-07"	"-6.52"	A	"16956.17025"	"30272.58"	"2p6.3p"	"2P*"	"1/2"	"2p6.4p"	"2P*"	"3/2"	E2	"c27"	""	
""	""	"750.7464"	"0.0011"	""	"6.24e-06"	"1.06e-13"	"-12.67"	D+	"16956.17025"	"30272.58"	"2p6.3p"	"2P*"	"1/2"	"2p6.4p"	"2P*"	"3/2"	M1	"c27"	""	
""	""	"751.0617"	"0.0011"	""	"1.15e-06"	"9.73e-15"	"-13.71"	D	"16956.17025"	"30266.99"	"2p6.3p"	"2P*"	"1/2"	"2p6.4p"	"2P*"	"1/2"	M1	"c27"	""	
""	""	"751.7172"	"0.0011"	""	"8.88e+00"	"7.53e-08"	"-6.52"	A	"16973.36619"	"30272.58"	"2p6.3p"	"2P*"	"3/2"	"2p6.4p"	"2P*"	"3/2"	E2	"c27"	""	
""	""	"751.7172"	"0.0011"	""	"4.28e-05"	"3.63e-13"	"-11.84"	C	"16973.36619"	"30272.58"	"2p6.3p"	"2P*"	"3/2"	"2p6.4p"	"2P*"	"3/2"	M1	"c27"	""	
""	""	"752.0333"	"0.0011"	""	"1.78e+01"	"7.55e-08"	"-6.52"	A	"16973.36619"	"30266.99"	"2p6.3p"	"2P*"	"3/2"	"2p6.4p"	"2P*"	"1/2"	E2	"c27"	""	
""	""	"752.0333"	"0.0011"	""	"8.84e-06"	"3.75e-14"	"-12.82"	D+	"16973.36619"	"30266.99"	"2p6.3p"	"2P*"	"3/2"	"2p6.4p"	"2P*"	"1/2"	M1	"c27"	""	
"780.978"	"0.002"	"780.9783"	"0.0012"	"4"	"9.91e+04"	"1.81e-03"	"-2.441"	B	"25739.999"	"38540.93"	"2p6.4s"	"2S"	"1/2"	"2p6.7p"	"2P*"	"3/2"		"c30"	"L6096"	
"781.024"	"0.002"	"781.0241"	"0.0012"	"3"	"9.72e+04"	"8.89e-04"	"-2.750"	B	"25739.999"	"38540.18"	"2p6.4s"	"2S"	"1/2"	"2p6.7p"	"2P*"	"1/2"		"c30"	"L6096"	
"818.32556"	"0.00005"	"818.32556"	"0.00013"	"5"	"4.29e+07"	"8.62e-01"	"0.237"	A+	"16956.17025"	"29172.887"	"2p6.3p"	"2P*"	"1/2"	"2p6.3d"	"2D"	"3/2"		"c30"	"L15039"	
"819.47905"	"0.00005"	"819.47904"	"0.00013"	"1"	"8.57e+06"	"8.63e-02"	"-0.462"	A	"16973.36619"	"29172.887"	"2p6.3p"	"2P*"	"3/2"	"2p6.3d"	"2D"	"3/2"		"c30"	"L15039"	
"819.48237"	"0.00005"	"819.48240"	"0.00013"	"9"	"5.14e+07"	"7.77e-01"	"0.492"	A+	"16973.36619"	"29172.837"	"2p6.3p"	"2P*"	"3/2"	"2p6.3d"	"2D"	"5/2"		"c30"	"L15039"	
"864.992"	"0.002"	"864.9931"	"0.0015"	"7"	"2.25e+05"	"5.04e-03"	"-1.997"	B+	"25739.999"	"37297.61"	"2p6.4s"	"2S"	"1/2"	"2p6.6p"	"2P*"	"3/2"		"c30"	"L6096"	
"865.089"	"0.002"	"865.0897"	"0.0015"	"6"	"2.21e+05"	"2.48e-03"	"-2.305"	B+	"25739.999"	"37296.32"	"2p6.4s"	"2S"	"1/2"	"2p6.6p"	"2P*"	"1/2"		"c30"	"L6096"	
""	""	"879.30809"	"0.00022"	""	"1.63e+04"	"1.89e-04"	"-2.945"	C'	"29172.837"	"[40542.293]"	"2p6.3d"	"2D"	"5/2"	"2p6.11f"	"2F*"	"5/2"		"T817"	""	
""	""	"879.30809"	"0.00022"	""	"2.45e+05"	"3.79e-03"	"-1.643"	C'	"29172.837"	"[40542.293]"	"2p6.3d"	"2D"	"5/2"	"2p6.11f"	"2F*"	"7/2"		"T817"	""	
""	""	"879.31196"	"0.00022"	""	"2.29e+05"	"3.98e-03"	"-1.798"	C'	"29172.887"	"[40542.293]"	"2p6.3d"	"2D"	"3/2"	"2p6.11f"	"2F*"	"5/2"		"T817"	""	
"894.296"	"0.002"	"894.29495"	"0.00023"	"2*"	"3.71e+05"	"5.93e-03"	"-1.448"	C'	"29172.837"	"[40351.761]"	"2p6.3d"	"2D"	"5/2"	"2p6.10f"	"2F*"	"7/2"		"T817"	"L6096"	
"894.296"	"0.002"	"894.29495"	"0.00023"	"2*"	"2.47e+04"	"2.96e-04"	"-2.750"	C'	"29172.837"	"[40351.761]"	"2p6.3d"	"2D"	"5/2"	"2p6.10f"	"2F*"	"5/2"		"T817"	"L6096"	
""	""	"894.29895"	"0.00023"	""	"3.46e+05"	"6.23e-03"	"-1.604"	C'	"29172.887"	"[40351.761]"	"2p6.3d"	"2D"	"3/2"	"2p6.10f"	"2F*"	"5/2"		"T817"	""	
